orden,pagare,primer_firmante_control,cc_primer_firmante,otros_firmantes,producto_extracto,corte_extracto,ciudad_pista_historica,otorgamiento_facial,vencimiento_facial,cuotas_faciales_plan,periodicidad,capital_facial,interes_facial,tasa_facial,capital_historico,interes_historico,mora_historica,total_historico,alerta_especifica,marcadores_demanda,marcadores_cautelar,pagare_fuente,extracto_fuente,soporte_fuente,estado
1,1911000986,MARÍA AMELIA CABIEDES PLATA,41526686,CONFIRMAR AUSENCIA,MICROCRÉDITO EMPRESARIAL,06/07/2026,Bogotá D.C.,7 de octubre de 2022,6 de julio de 2026,48,MENSUAL,12000000,1670935,"tasa facial 26,82 % [COMPLETAR — MODALIDAD FACIAL; NO PRESUMIR E.A. O N.A.M.V.]",3745935,1670935,67662,5484532,"El vencimiento facial antecede en 93 días al final del plan (7 de octubre de 2026); existe un movimiento «CO» que aplica capital y mora sin acuerdo fuente, y la mora reconstruida no coincide con el resumen. No fijar exigibilidad, saldo ni cautela con esos soportes históricos.",37,58,/code/DEMANDAS/PAGARÉ 1911000986.pdf,/code/wetransfers_20260715/WETRANSFERS/wetransfer_extractos-sandra-duque-activos_2026-07-06_1943/EXTRACTO 41526686.PDF,/code/wetransfers_20260715/WETRANSFERS/CC 41526686 PAGARE 1911000986.pdf,PARA COMPLETAR — NO RADICAR
2,1912000810,NELSON DAVID PARADA RINCÓN,1033755601,CAMILO ANDREY PARADA RINCÓN — 1018459638,MICROCRÉDITO EMPRESARIAL,06/07/2026,Bogotá D.C.,19 de agosto de 2022,6 de julio de 2026,48,MENSUAL,12000000,3587258,"tasa facial 26,82 % [COMPLETAR — MODALIDAD FACIAL; NO PRESUMIR E.A. O N.A.M.V.]",3118992,3587258,911676,7617926,"El vencimiento facial antecede en 47 días al final del plan; existen movimientos «CO» sin acuerdos fuente y las reconstrucciones de interés y mora difieren del resumen. Validar además grafía, domicilio y notificación actual de cada firmante.",38,59,/code/DEMANDAS/PAGARÉ 1912000810.pdf,/code/wetransfers_20260715/WETRANSFERS/wetransfer_extractos-sandra-duque-activos_2026-07-06_1943/EXTRACTO 1033755601.PDF,/code/wetransfers_20260715/WETRANSFERS/CC 1033755601 PAGARE 1912000810.pdf,PARA COMPLETAR — NO RADICAR
3,1912000833,ÁNGELA YISELA RESTREPO VARÓN,1033789770,JOSÉ EFRAÍN HINCAPIÉ VILLA — 1061655910,MICROEMPRESARIAL NUEVOS INFORMALES,06/07/2026,Bogotá D.C.,20 de septiembre de 2022,6 de julio de 2026,36,MENSUAL,6000000,852162,"tasa facial 39,29 % [COMPLETAR — MODALIDAD FACIAL; NO PRESUMIR E.A. O N.A.M.V.]",3882652,852162,1421444,6156258,El vencimiento facial es aproximadamente 289 días posterior al plan; las reconstrucciones de interés y mora difieren del resumen y existe un movimiento «CO» sin acuerdo fuente. Es expediente espejo del pagaré 1912000835 con roles invertidos: definir acumulación o estrategia coordinada y evitar doble afectación cautelar.,38,59,/code/DEMANDAS/PAGARÉ 1912000833.pdf,/code/wetransfers_20260715/WETRANSFERS/wetransfer_extractos-sandra-duque-activos_2026-07-06_1943/EXTRACTO 1033789770.PDF,/code/wetransfers_20260715/WETRANSFERS/CC 1033789770 PAGARE 1912000833.pdf,PARA COMPLETAR — NO RADICAR
4,1912000835,JOSÉ EFRAÍN HINCAPIÉ VILLA,1061655910,ÁNGELA YISELA RESTREPO VARÓN — 1033789770,MICROEMPRESARIAL NUEVOS INFORMALES,06/07/2026,Cota,21 de septiembre de 2022,6 de julio de 2026,48,MENSUAL,10000000,3260240,"tasa facial 39,29 % [COMPLETAR — MODALIDAD FACIAL; NO PRESUMIR E.A. O N.A.M.V.]",7796663,3260240,1995266,13052169,El vencimiento facial del 6 de julio de 2026 antecede en 77 días al final del plan (21 de septiembre de 2026); el capital/interés diligenciados y las instrucciones requieren trazabilidad; la mora reconstruida no coincide con el resumen y existe un compromiso interno de 31 de marzo de 2024 sin acuerdo fuente. Definir además si procede acumulación o demandas separadas frente al pagaré 1912000833.,38,59,/code/DEMANDAS/PAGARÉ 1912000835.pdf,/code/wetransfers_20260715/WETRANSFERS/wetransfer_extractos-sandra-duque-activos_2026-07-06_1943/EXTRACTO 1061655910.PDF,/code/wetransfers_20260715/WETRANSFERS/CC 1061655910 PAGARE 1912000835.pdf,PARA COMPLETAR — NO RADICAR
5,1912000875,BLANCA CECILIA BARRERA MARTÍNEZ,51797042,ANA JUDIT CAÑAS CORREA — 1032433279,MICROEMPRESARIAL NUEVOS INFORMALES,06/07/2026,Bogotá D.C.,1 de diciembre de 2022,6 de julio de 2026,48,MENSUAL,12000000,4569637,"tasa facial 42,57608868 % [COMPLETAR — MODALIDAD FACIAL; NO PRESUMIR E.A. O N.A.M.V.]",1742489,4569637,255538,6567664,"El vencimiento facial antecede en 148 días al final del plan (1 de diciembre de 2026); existen múltiples movimientos «CO» sin acuerdos fuente y la mora reconstruida difiere del resumen. La dirección de la codeudora presenta inconsistencias internas; actualizar identidad, domicilio, exigibilidad y memoria antes de demandar.",38,59,/code/DEMANDAS/PAGARÉ 1912000875.pdf,/code/wetransfers_20260715/WETRANSFERS/wetransfer_extractos-sandra-duque-activos_2026-07-06_1943/EXTRACTO 51797042.PDF,/code/wetransfers_20260715/WETRANSFERS/CC 51797042 PAGARE 1912000875.pdf,PARA COMPLETAR — NO RADICAR
6,1912000942,FERNANDO MAURICIO MACHETE RODRÍGUEZ,1024492842,DEICY VIVIANA CABEZAS PAREDES — 1024522232,MICRO - CRÉDITO PRODUCTIVO POPULAR URBANO,06/07/2026,Bogotá D.C.,28 de abril de 2023,6 de julio de 2026,24,MENSUAL,6000000,1349505,"tasa facial 46,78 % [COMPLETAR — MODALIDAD FACIAL; NO PRESUMIR E.A. O N.A.M.V.]",4696029,1349505,1987442,8032976,"El plan finalizaba el 1 de mayo de 2025, 431 días antes del vencimiento facial; la mora reconstruida no coincide con el resumen y existe un ajuste «NA» sin soporte. No fijar exigibilidad ni cautela sobre el vehículo con documentos históricos.",38,59,/code/DEMANDAS/PAGARÉ 1912000942.pdf,/code/wetransfers_20260715/WETRANSFERS/wetransfer_extractos-sandra-duque-activos_2026-07-06_1943/EXTRACTO 1024492842.PDF,/code/wetransfers_20260715/WETRANSFERS/CC 1024492842 PAGARE 1912000942.pdf,PARA COMPLETAR — NO RADICAR
7,1913000633,GENARO ALONSO RODRÍGUEZ RODRÍGUEZ,3187760,JULIET JISELL RODRÍGUEZ ACERO — 1078347591 | JEIMY ANDREA RODRÍGUEZ ACERO — 1078347854,MICROCRÉDITO EMPRESARIAL,06/07/2026,Suesca,4 de abril de 2022,6 de julio de 2026,60,MENSUAL,40000000,4143619,"tasa facial 26,82 % [COMPLETAR — MODALIDAD FACIAL; NO PRESUMIR E.A. O N.A.M.V.]",12616467,4143619,194178,16954264,"Es una refinanciación que aplicó parte del desembolso a la obligación 1913000435; debe reconciliarse el neto entregado, la cancelación previa y todos los movimientos. El vencimiento facial antecede aproximadamente 273 días al plan y la mora reconstruida difiere del resumen; hay varios «CO» sin acuerdos fuente.",40,60,/code/DEMANDAS/PAGARÉ 1913000633.pdf,/code/wetransfers_20260715/WETRANSFERS/wetransfer_extractos-sandra-duque-activos_2026-07-06_1943/EXTRACTO 3187760.PDF,/code/wetransfers_20260715/WETRANSFERS/CC 3187760 PAGARE 1913000633.pdf,PARA COMPLETAR — NO RADICAR
8,1913000784,VÍCTOR GARZÓN FORERO,1071329791,ALBA MERCEDES CALDERÓN — 20744270,MICROEMPRESARIAL NUEVOS FORMALES,06/07/2026,Sesquilé,12 de septiembre de 2022,6 de julio de 2026,36,MENSUAL,6600000,343296,"tasa facial 34,49 % [COMPLETAR — MODALIDAD FACIAL; NO PRESUMIR E.A. O N.A.M.V.]",2829624,343296,628675,3801595,El vencimiento facial es 295 días posterior al final del plan; la mora reconstruida no coincide con el resumen y existe un movimiento «CO» sin acuerdo fuente. Resolver la fecha única de exigibilidad y actualizar la información patrimonial.,38,59,/code/DEMANDAS/PAGARÉ 1913000784.pdf,/code/wetransfers_20260715/WETRANSFERS/wetransfer_extractos-sandra-duque-activos_2026-07-06_1943/EXTRACTO 1071329791.PDF,/code/wetransfers_20260715/WETRANSFERS/CC 1071329791 PAGARE 1913000784.pdf,PARA COMPLETAR — NO RADICAR
9,1913000857,SANDRA EDITH MONTENEGRO SALGADO,23702420,CONFIRMAR AUSENCIA,PRÉSTAMO DE CONSUMO ORDINARIO,06/07/2026,Chía,28 de febrero de 2023,6 de julio de 2026,36,MENSUAL,4000000,917245,"tasa facial 42,57608868 % [COMPLETAR — MODALIDAD FACIAL; NO PRESUMIR E.A. O N.A.M.V.]",3293903,917245,850868,5062016,El vencimiento facial es 112 días posterior al final del plan; la mora reconstruida difiere del resumen y los movimientos mencionan un «ACUERDO DE PAGO» que no obra como fuente completa. La solicitud inicial y la aprobación también difieren en monto/plazo.,37,58,/code/DEMANDAS/PAGARÉ 1913000857.pdf,/code/wetransfers_20260715/WETRANSFERS/wetransfer_extractos-sandra-duque-activos_2026-07-06_1943/EXTRACTO 23702420.PDF,/code/wetransfers_20260715/WETRANSFERS/CC 23702420 PAGARE 1913000857.pdf,PARA COMPLETAR — NO RADICAR
10,1913000881,MARÍA DEL ROSARIO BERRÍO LÓPEZ DE RUBIANO,20471487,CONFIRMAR AUSENCIA,MICRO - CRÉDITO PRODUCTIVO POPULAR URBANO,06/07/2026,Chía,17 de abril de 2023,6 de julio de 2026,24,MENSUAL,5400000,531425,"tasa facial 16,76517763 % [COMPLETAR — MODALIDAD FACIAL; NO PRESUMIR E.A. O N.A.M.V.]",4202654,531425,1921853,6655932,La agencia facial está en blanco. Las instrucciones sobre la fecha de vencimiento no son consistentes entre páginas; no fijar mora o llenado sin trazabilidad. Actualizar titularidad del inmueble y saldo.,37,58,/code/DEMANDAS/PAGARÉ 1913000881.pdf,/code/wetransfers_20260715/WETRANSFERS/wetransfer_extractos-sandra-duque-activos_2026-07-06_1943/EXTRACTO 20471487.PDF,/code/wetransfers_20260715/WETRANSFERS/CC 20471487 PAGARE 1913000881.pdf,PARA COMPLETAR — NO RADICAR
11,1913000904,ÁNGEL GABRIEL BENAVIDES RODRÍGUEZ,11325586,OCTAVIO BENAVIDES CÁRDENAS — 3086189,MICRO - CRÉDITO PRODUCTIVO POPULAR URBANO,06/07/2026,Gachancipá,26 de mayo de 2023,6 de julio de 2026,36,MENSUAL,4650000,2298711,"tasa facial 46,78467782 % [COMPLETAR — MODALIDAD FACIAL; NO PRESUMIR E.A. O N.A.M.V.]",4144299,2298711,1076631,7519641,"El título identifica agencia Chía, mientras el soporte sugiere Gachancipá; la competencia depende del domicilio actual o lugar de cumplimiento probado. Hay codeudor y debe analizarse exigibilidad, prescripción, insolvencia y notificación por separado.",38,60,/code/DEMANDAS/PAGARÉ 1913000904.pdf,/code/wetransfers_20260715/WETRANSFERS/wetransfer_extractos-sandra-duque-activos_2026-07-06_1943/EXTRACTO 11325586.PDF,/code/wetransfers_20260715/WETRANSFERS/CC 11325586 PAGARE 1913000904.pdf,PARA COMPLETAR — NO RADICAR
12,1913000955,JEIMY ANDREA RODRÍGUEZ ACERO,1078347854,GENARO ALONSO RODRÍGUEZ RODRÍGUEZ — 3187760,PRÉSTAMO DE CONSUMO ORDINARIO,06/07/2026,Suesca,18 de septiembre de 2023,6 de julio de 2026,55,MENSUAL,17200000,7360413,"tasa facial 23,87205316 % [COMPLETAR — MODALIDAD FACIAL; NO PRESUMIR E.A. O N.A.M.V.]",14273680,7360413,902697,22536790,"El plan contractual finaliza el 1 de mayo de 2028, muy después del vencimiento facial del 6 de julio de 2026. Explicar con documentos la aceleración, el diligenciamiento y la fecha única de mora; el codeudor también figura en el pagaré 1913000633 y exige coordinación procesal.",38,60,/code/DEMANDAS/PAGARÉ 1913000955.pdf,/code/wetransfers_20260715/WETRANSFERS/wetransfer_extractos-sandra-duque-activos_2026-07-06_1943/EXTRACTO 1078347854.PDF,/code/wetransfers_20260715/WETRANSFERS/CC 1078347854 PAGARE 1913000955.pdf,PARA COMPLETAR — NO RADICAR
13,1914000078,JUAN DAVID CORREA GIRALDO,1020405945,MARÍA YANITH ÁNGEL BUITRAGO — 1076654187,MICROCRÉDITO EMPRESARIAL,06/07/2026,Ubaté,30 de abril de 2019,6 de julio de 2026,36,MENSUAL,7000000,3150182,"tasa facial 34,49 % [COMPLETAR — MODALIDAD FACIAL; NO PRESUMIR E.A. O N.A.M.V.]",6617781,3150182,9505440,19273403,"La agencia facial está en blanco y el crédito recogió o refinanció la obligación 1814000134. La cuantía de mora es superior al capital: exige trazabilidad completa del crédito anterior, aplicación de pagos, periodos, tasa máxima y control de prescripción.",38,60,/code/DEMANDAS/PAGARÉ 1914000078.pdf,/code/wetransfers_20260715/WETRANSFERS/wetransfer_extractos-sandra-duque-activos_2026-07-06_1943/EXTRACTO 1020405945.PDF,/code/wetransfers_20260715/WETRANSFERS/CC 1020405945 PAGARE 1914000078.pdf,PARA COMPLETAR — NO RADICAR
14,1914000814,JOSÉ LIBARDO RODRÍGUEZ MONTAÑO,1068953260,EVANGELISTA RODRÍGUEZ RINCÓN — 2983713,MICROEMPRESARIAL NUEVOS INFORMALES,06/07/2026,Carmen de Carupa,1 de febrero de 2023,6 de julio de 2026,10,TRIMESTRAL,10000000,2682935,"tasa facial 51,10686573 % [COMPLETAR — MODALIDAD FACIAL; NO PRESUMIR E.A. O N.A.M.V.]",8655822,2682935,3803568,15142325,"El título fue fechado un día antes del desembolso registrado y la agencia facial está en blanco. El plan indica diez cuotas trimestrales: verificar periodicidad, tasa, entrega y fecha única de exigibilidad para ambos obligados.",38,60,/code/DEMANDAS/PAGARÉ 1914000814.pdf,/code/wetransfers_20260715/WETRANSFERS/wetransfer_extractos-sandra-duque-activos_2026-07-06_1943/EXTRACTO 1068953260.PDF,/code/wetransfers_20260715/WETRANSFERS/CC 1068953260 PAGARE 1914000814.pdf,PARA COMPLETAR — NO RADICAR
15,1915000810,JUAN DAVID PEÑA CARABALLO,1032506521,CONFIRMAR AUSENCIA,PRÉSTAMO DE CONSUMO ORDINARIO,06/07/2026,Bogotá D.C.,19 de febrero de 2022,6 de julio de 2026,40,MENSUAL,11000000,20469,"tasa facial 23,87 % [COMPLETAR — MODALIDAD FACIAL; NO PRESUMIR E.A. O N.A.M.V.]",997733,20469,18426,1036628,"La agencia facial está en blanco. El interés facial de $20.469 coincide con el saldo de interés del extracto, pero es muy inferior al interés total del plan; probar cuándo y cómo se llenó y evitar presentarlo como interés total originalmente pactado.",37,59,/code/DEMANDAS/PAGARÉ 1915000810.pdf,/code/wetransfers_20260715/WETRANSFERS/wetransfer_extractos-sandra-duque-activos_2026-07-06_1943/EXTRACTO 1032506521.PDF,/code/wetransfers_20260715/WETRANSFERS/CC 1032506521 PAGARE 1915000810.pdf,PARA COMPLETAR — NO RADICAR
16,1915000914,EDYSON URREGO CRUZ,80157227,MARÍA VICTORIA MARIÑO BEDOYA — 52972794,PRÉSTAMO DE CONSUMO ORDINARIO,06/07/2026,Bogotá D.C.,31 de agosto de 2022,6 de julio de 2026,42,MENSUAL,8000000,1621249,"tasa facial 26,82 % [COMPLETAR — MODALIDAD FACIAL; NO PRESUMIR E.A. O N.A.M.V.]",5727835,1621249,1775110,9124194,"La agencia facial está en blanco. La codeudora debe incluirse y analizarse individualmente; cerrar trazabilidad del llenado, exigibilidad, pagos, mora, insolvencia y canales antes de presentar.",38,60,/code/DEMANDAS/PAGARÉ 1915000914.pdf,/code/wetransfers_20260715/WETRANSFERS/wetransfer_extractos-sandra-duque-activos_2026-07-06_1943/EXTRACTO 80157227.PDF,/code/wetransfers_20260715/WETRANSFERS/CC 80157227 PAGARE 1915000914.pdf,PARA COMPLETAR — NO RADICAR
17,1915000921,MARÍA FERNANDA RODRÍGUEZ PINZÓN,1019091195,CONFIRMAR AUSENCIA,MICROCRÉDITO EMPRESARIAL,06/07/2026,Bogotá D.C.,12 de septiembre de 2022 [TRAZO TENUE — CONFRONTAR ORIGINAL],5 de julio de 2026,36,MENSUAL,7000000,1260935,"tasa facial 26,82 % [COMPLETAR — MODALIDAD FACIAL; NO PRESUMIR E.A. O N.A.M.V.]",5023587,1260935,1984881,8269403,"El vencimiento facial es el 5 de julio de 2026, un día antes del corte del extracto. Existe un movimiento «CO» de 31 de agosto de 2023 denominado generación de compromisos; obtener su soporte y efecto antes de fijar exigibilidad y saldo.",38,59,/code/DEMANDAS/PAGARÉ 1915000921.pdf,/code/wetransfers_20260715/WETRANSFERS/wetransfer_extractos-sandra-duque-activos_2026-07-06_1943/EXTRACTO 1019091195.PDF,/code/wetransfers_20260715/WETRANSFERS/CC 1019091195 PAGARE 1915000921.pdf,PARA COMPLETAR — NO RADICAR
18,2016000364,JOSÉ IGNACIO ORTIZ TOVAR,1127382354,CONFIRMAR AUSENCIA,PRÉSTAMO DE CONSUMO ORDINARIO,06/07/2026,Villavicencio,12 de enero de 2023,6 de julio de 2026,12,MENSUAL,17700000,0,"tasa facial 16,76517763 % [COMPLETAR — MODALIDAD FACIAL; NO PRESUMIR E.A. O N.A.M.V.]",1068924,0,378521,1447445,"La agencia facial está en blanco; el plan histórico indicaba última cuota el 15 de enero de 2024, muy anterior al vencimiento facial. Reconciliar libranza, pagos, llenado y fecha única de exigibilidad.",37,58,/code/DEMANDAS/PAGARÉ 2016000364.pdf,/code/wetransfers_20260715/WETRANSFERS/wetransfer_extractos-sandra-duque-activos_2026-07-06_1943/EXTRACTO 1127382354.PDF,/code/wetransfers_20260715/WETRANSFERS/CC 1127382354 PAGARE 2016000364.pdf,PARA COMPLETAR — NO RADICAR
19,2016000382,SONIA STEPHANE BEDOYA LIÉVANO,1121877588,SANDRA PATRICIA ÁLVAREZ M. [COMPLETAR — APELLIDO COMPLETO] — 1090387419,MICROEMPRESARIAL NUEVOS FORMALES,06/07/2026,NO VERIFICADA,7 de marzo de 2023,6 de julio de 2026,36,MENSUAL,3918552,1110213,"tasa facial 51,10686573 % [COMPLETAR — MODALIDAD FACIAL; NO PRESUMIR E.A. O N.A.M.V.]",3918552,1110213,1485449,6514214,"El nombre completo de la codeudora no quedó legible en las fuentes revisadas. El capital facial coincide con el saldo histórico y no con el primer cargo de $4.600.000; probar desembolso, llenado, tasa, pagos y exigibilidad antes de usar el título.",42,61,/code/DEMANDAS/PAGARÉ 2016000382.pdf,/code/wetransfers_20260715/WETRANSFERS/wetransfer_extractos-sandra-duque-activos_2026-07-06_1943/EXTRACTO 1121877588.PDF,/code/wetransfers_20260715/WETRANSFERS/CC 1121877588 PAGARE 2016000382.pdf,PARA COMPLETAR — NO RADICAR
20,2016000402,BERONICA ANDREA GONZALEZ CORDOBA,1121937363,MILEYNA SERRANO AGUIRRE — 1022408499,PRÉSTAMO DE CONSUMO ORDINARIO,06/07/2026,NO VERIFICADA,20 de abril de 2023,6 de julio de 2026,36,MENSUAL,8600000,2344098,"tasa facial 26,82417946 % [COMPLETAR — MODALIDAD FACIAL; NO PRESUMIR E.A. O N.A.M.V.]",7527339,2344098,2154598,12026035,"El interés facial coincide con el saldo histórico del extracto; demostrar fecha y fuente de diligenciamiento, aplicación de pagos y fecha única de exigibilidad para ambas firmantes.",38,60,/code/DEMANDAS/PAGARÉ 2016000402.pdf,/code/wetransfers_20260715/WETRANSFERS/wetransfer_extractos-sandra-duque-activos_2026-07-06_1943/EXTRACTO 1121937363.PDF,/code/wetransfers_20260715/WETRANSFERS/CC 1121937363 PAGARE 2016000402.pdf,PARA COMPLETAR — NO RADICAR
21,2211000086,MARTHA LILIANA ALFONSO WILCHES,1015394579,CONFIRMAR AUSENCIA,MICROCRÉDITO FIDELIDAD,06/07/2026,NO VERIFICADA,7 de marzo de 2023,6 de julio de 2026,36,MENSUAL,2772505,550599,"tasa facial 16,76517763 % [COMPLETAR — MODALIDAD FACIAL; NO PRESUMIR E.A. O N.A.M.V.]",2772505,550599,944860,4267964,"El capital facial coincide con el saldo histórico y no con el primer cargo de $3.300.000. Probar desembolso, fecha y fuente del llenado, pagos, tasa y exigibilidad; no tratar los campos faciales como valores originales sin esa trazabilidad.",37,59,/code/DEMANDAS/PAGARÉ 2211000086.pdf,/code/wetransfers_20260715/WETRANSFERS/wetransfer_extractos-sandra-duque-activos_2026-07-06_1943/EXTRACTO 1015394579.PDF,/code/wetransfers_20260715/WETRANSFERS/CC 1015394579 PAGARE 2211000086.pdf,PARA COMPLETAR — NO RADICAR
22,2211000173,DIEGO ALEXANDER ROZO FERNANDEZ,1071163544,KAREN EDITH JIMENEZ BEJARANO — 1071171007,PRÉSTAMO DE CONSUMO ORDINARIO,06/07/2026,Suesca (agencia facial; no acredita fuero territorial),10 de julio de 2023,6 de julio de 2026,48,MENSUAL,8000000,1251632,"tasa facial 42,57608868 % [COMPLETAR — MODALIDAD FACIAL; NO PRESUMIR E.A. O N.A.M.V.]",5798688,1251632,753520,7803840,"El interés facial coincide con el saldo histórico. Cerrar trazabilidad de llenado, pagos, exigibilidad y tasa; analizar a deudor y codeudora por separado en prescripción, insolvencia y notificación.",38,60,/code/DEMANDAS/PAGARÉ 2211000173.pdf,/code/wetransfers_20260715/WETRANSFERS/wetransfer_extractos-sandra-duque-activos_2026-07-06_1943/EXTRACTO 1071163544.PDF,/code/wetransfers_20260715/WETRANSFERS/CC 1071163544 PAGARE 2211000173.pdf,PARA COMPLETAR — NO RADICAR
23,2211000308,ORLANDO PEREZ BAEZ,4252020,CONFIRMAR AUSENCIA,MICRO - CRÉDITO PRODUCTIVO URBANO,06/07/2026,Suesca (agencia facial; no acredita fuero territorial),5 de diciembre de 2023,6 de julio de 2026,18,MENSUAL,10000000,1645434,"tasa facial 23,14393449 % [COMPLETAR — MODALIDAD FACIAL; NO PRESUMIR E.A. O N.A.M.V.]",10000000,1645434,4138116,15783550,"La mora histórica supera el 40 % del capital. Exigir memoria por día y periodo, pagos, tasa máxima, fecha única de exigibilidad y trazabilidad del llenado antes de pedir mandamiento.",37,59,/code/DEMANDAS/PAGARÉ 2211000308.pdf,/code/wetransfers_20260715/WETRANSFERS/wetransfer_extractos-sandra-duque-activos_2026-07-06_1943/EXTRACTO 4252020.PDF,/code/wetransfers_20260715/WETRANSFERS/CC 4252020 PAGARE 2211000308.pdf,PARA COMPLETAR — NO RADICAR
24,2315000024,DANIEL RICARDO CALDERÓN CORREA,1000601898,DIANA LORENA TORRES TORRES — 52778684,MICRO - CRÉDITO PRODUCTIVO POPULAR URBANO,06/07/2026,NO VERIFICADA,17 de mayo de 2023,6 de julio de 2026,24,MENSUAL,4717256,1490169,"tasa facial 46,78467782 % [COMPLETAR — MODALIDAD FACIAL; NO PRESUMIR E.A. O N.A.M.V.]",4717256,1490169,1958089,8165514,"El capital facial coincide con el saldo histórico, no con el cargo inicial de $6.000.000, y la tasa exige control por cada periodo. Probar desembolso, llenado, pagos, exigibilidad y coordinar con el pagaré 2315000116, donde se repiten firmantes.",38,59,/code/DEMANDAS/PAGARÉ 2315000024.pdf,/code/wetransfers_20260715/WETRANSFERS/wetransfer_extractos-sandra-duque-activos_2026-07-06_1943/EXTRACTO 1000601898.PDF,/code/wetransfers_20260715/WETRANSFERS/CC 1000601898 PAGARE 2315000024.pdf,PARA COMPLETAR — NO RADICAR
25,2315000031,NUBIA ELSA CELIS GARCÍA,23496918,CONFIRMAR AUSENCIA,MICRO - CRÉDITO PRODUCTIVO URBANO,06/07/2026,NO VERIFICADA,26 de mayo de 2023,6 de julio de 2026,24,MENSUAL,6798440,2226101,"tasa facial 46,78467782 % [COMPLETAR — MODALIDAD FACIAL; NO PRESUMIR E.A. O N.A.M.V.]",6798440,2226101,2818010,11842551,"El capital facial coincide con el saldo histórico y no con el cargo inicial de $8.000.000. Demostrar llenado, pagos, exigibilidad, memoria de interés y límite de tasa; la placa PBJ249 no habilita una cautela sin RUNT actual.",37,58,/code/DEMANDAS/PAGARÉ 2315000031.pdf,/code/wetransfers_20260715/WETRANSFERS/wetransfer_extractos-sandra-duque-activos_2026-07-06_1943/EXTRACTO 23496918.PDF,/code/wetransfers_20260715/WETRANSFERS/CC 23496918 PAGARE 2315000031.pdf,PARA COMPLETAR — NO RADICAR
26,2315000116,DIANA LORENA TORRES TORRES,52778684,HOLMES SÁNCHEZ QUIROGA — 79977583 | DANIEL RICARDO CALDERÓN CORREA — 1000601898,MICRO - CRÉDITO PRODUCTIVO URBANO,06/07/2026,NO VERIFICADA,23 de octubre de 2023,6 de julio de 2026,48,MENSUAL,6022667,7934754,"tasa facial 46,78 % [COMPLETAR — MODALIDAD FACIAL; NO PRESUMIR E.A. O N.A.M.V.]",6022667,7934754,287040,14244461,"El capital facial coincide con el saldo histórico y no con el cargo inicial de $10.000.000; el interés facial de $7.934.754 y la mora no quedaron reproducidos. Existen dos compromisos internos de 2026 por $4.458.601 sin soporte fuente. No pedir esos rubros ni cautelas sobre CJA93F/Bancolombia hasta cerrar memoria, pagos, llenado y titularidad; coordinar con 2315000024.",40,60,/code/DEMANDAS/PAGARÉ 2315000116.pdf,/code/wetransfers_20260715/WETRANSFERS/wetransfer_extractos-sandra-duque-activos_2026-07-06_1943/EXTRACTO 52778684.PDF,/code/wetransfers_20260715/WETRANSFERS/CC 52778684 PAGARE 2315000116.pdf,PARA COMPLETAR — NO RADICAR
