orden,pagare,primer_firmante_control,cc,otros_firmantes,semaforo,capital_historico,interes_historico,mora_historica,total_historico,pagare_paginas,extracto_paginas,soporte_paginas,pagare_sha256,extracto_sha256,soporte_sha256,demanda_sha256,cautelar_sha256,auditoria_individual_preexistente,marcadores,estado
1,1911000986,MARÍA AMELIA CABIEDES PLATA,41526686,CONFIRMAR AUSENCIA,ROJO,3745935,1670935,67662,5484532,3,3,7,e1343ac3410ac6bfda11c7c609c19179c1948205e7966037d045f8e5f6497a86,71546930e962d960630b0114711340c4da393d9d8b84c1767f335ac3507b4ba6,4cd853c2d4110441d0369cc7c9948fd0a847f3b01b9890df81ade7a7d0d79916,e2ab626a024e8e9d58ea48bd4c2b120e043dd9e7e6be6580445250d5ab6f38b5,4a9dde90607e06354c0f2a9f9eee1557e9f944ef70619c1d8a71904ab550e296,SÍ,85,PARA COMPLETAR — NO RADICAR
2,1912000810,NELSON DAVID PARADA RINCÓN,1033755601,CAMILO ANDREY PARADA RINCÓN — 1018459638,ROJO,3118992,3587258,911676,7617926,4,3,13,d7d2ee3fc633481de3485bbb17fa9c63876a4572f1b4724246348d821f248522,cbb559b2b01ca0fc7f679cfc53d16e4ddc3f0e4ee0861f2369002dcf619315ec,4d68d17f52286bd0d98a9e3c9df0ffd053111f6af6550b1463a29f06e75ea001,241642e240b04defe851ff5ec651ce364d0b2cc651d9baf4230ff41082d9ba8f,5feee0e7303221767d5901c9f91e73ed9b9b4dfc34636404abf8c38ccfb4ad7e,SÍ,85,PARA COMPLETAR — NO RADICAR
3,1912000833,ÁNGELA YISELA RESTREPO VARÓN,1033789770,JOSÉ EFRAÍN HINCAPIÉ VILLA — 1061655910,ROJO,3882652,852162,1421444,6156258,3,3,10,d1404c1ee17417294da5a5ef6c844bc10ca2482cfe59050f4b1ebda9b1abc1b8,3d0ba7cd4310d852b3cabb1ea7c12d4d70e3a95cd7a2fac2b947a35e55801898,67affae8d1cb956ff6245fc7d87bbf5b9ddeb8a4ae0dededa867ccdbb9617956,4363ca9ce1c299d7187ddda6fd48ad5421a190c321cacc21f31a712a38440886,3cb2c47f11367a44b55d449b7e526c6a84d6be52bf8a9bb2dc16219d23c8032c,SÍ,85,PARA COMPLETAR — NO RADICAR
4,1912000835,JOSÉ EFRAÍN HINCAPIÉ VILLA,1061655910,ÁNGELA YISELA RESTREPO VARÓN — 1033789770,ROJO,7796663,3260240,1995266,13052169,4,3,11,2892c8efb882aa96d57d8a55844cf2c8538e724649b11ea9db8244c7c12d758a,61c95b4830bba2f2a39f6f6c14a8f3ada9736692485dac5e0b7ef941fcebbe5d,8072f88077cca0b616b176bc6d4db7ed122817cad678b2f79a2ad327657de8a1,4005518263b2c884649ae059641e7906c1ce63ab602c859ff89b13c14328b3f2,42960570f57ae84fee4bad5492c05d31f6c51a279cf44b91186bd5e551a111a4,SÍ,85,PARA COMPLETAR — NO RADICAR
5,1912000875,BLANCA CECILIA BARRERA MARTÍNEZ,51797042,ANA JUDIT CAÑAS CORREA — 1032433279,ROJO,1742489,4569637,255538,6567664,4,3,9,845a195051c7fed7a7e4ea4e8b884f876cb6032242ff576f5575635c20337e17,f5f27621d265fdda019c17023103bdf500d8efc0e638f048aac44df53bdb96b8,202bbfc55a00ebafa43bf3b14cd5e64a3c2e90985595443193e160ffe8c2ebc0,c7a7dc10d8c24a4263e5ce3d548764c1ca6b3df90947e578211595b0dfb66d66,574f90335bdd0648bd896e57705caebb9245a1866d73ca8860a3f8b220a686ea,NO,85,PARA COMPLETAR — NO RADICAR
6,1912000942,FERNANDO MAURICIO MACHETE RODRÍGUEZ,1024492842,DEICY VIVIANA CABEZAS PAREDES — 1024522232,ROJO,4696029,1349505,1987442,8032976,4,2,8,eb0f9b46df8e4e93cbca0e677a7fe5bf5309a7ad95a8f7dbf8def7f33747e2a0,c9857318de8c691195970039929bda13738d05311c74a13350c8cbd7d655f8e3,f604a87281d579146307eababb51615827f171d3ccc4f8984abd0e72ad4db682,93a51bf652417f930f7926847aaf46c2b78230d2e05df7e3710308dde3f387f9,e43dfa20057ce4f3821f0326bf5fcdbe468d440a1456c3a40b97e25e8cae326a,NO,85,PARA COMPLETAR — NO RADICAR
7,1913000633,GENARO ALONSO RODRÍGUEZ RODRÍGUEZ,3187760,JULIET JISELL RODRÍGUEZ ACERO — 1078347591 | JEIMY ANDREA RODRÍGUEZ ACERO — 1078347854,ROJO,12616467,4143619,194178,16954264,3,6,27,f4b41d5346b6ad41b303d5bdc5ee7ab25c6af863ffcbc77f5fc8c497c974765f,201b35611e5704f1fec2e41ef36e87caf52158a5113387c3c5841169bf537a95,a6beb4ea9c01c4a8c6c6c39a9143800c206579dc964db4f3d7c3fd54f72c0d60,9094b5aac2b3c818a21ffa50b41f226eface8f929588dffd5cb06c2c947de4a9,df6243b4c1d40dba2ab78b52b89bb285d57fec1d455156853b33f65dd4a00b8a,NO,85,PARA COMPLETAR — NO RADICAR
8,1913000784,VÍCTOR GARZÓN FORERO,1071329791,ALBA MERCEDES CALDERÓN — 20744270,ROJO,2829624,343296,628675,3801595,3,3,13,8e012429ac88b9705b99798485637ecce43dbbb2dd560390bd4ed9038e4ba79a,a073e6bf4350c68d1db1700de44213f9b03b9d1fca5f3b5fd78982b7047f957e,f12c1cd2b53b98802a71d4eacb0539f38a321833d91d4e0da199c449b4604c9e,56f88f9c6d045da7e6ed45e812bf7da6c671e7e2f271896726bf2795b9550e08,83c253da94858e607737912d06bf0c7af219f9b1434907dc8a48eb1040b01cc2,NO,85,PARA COMPLETAR — NO RADICAR
9,1913000857,SANDRA EDITH MONTENEGRO SALGADO,23702420,CONFIRMAR AUSENCIA,ROJO,3293903,917245,850868,5062016,3,2,9,54d5c983e1ab9ebc10f936810dd95ee1d796fc469e7e1afca04a9d8851e44bb0,9d42eb0640991a95b31a2ad6d8ff091e22bfcfc2393faf2bc8eb121475184a12,ea0b43d9d417b97d726f95181265a322a8c736945c3accc11720a3d020764ede,d3a6601d2229e2b3360a86802678b34f74f08c5d0989aedcbfee3c7dc2dd2394,3b13dbc85390cfccc638d28732f5639b9aa56d7c20b58644f8e19208d2e771d6,NO,85,PARA COMPLETAR — NO RADICAR
10,1913000881,MARÍA DEL ROSARIO BERRÍO LÓPEZ DE RUBIANO,20471487,CONFIRMAR AUSENCIA,ROJO,4202654,531425,1921853,6655932,3,2,6,c605d55604e78c5361fab5fdec0b49a377b0de9921dcf414da65b001abfd217c,2ccf9ec730d7fc1a00702d9212f205f08a07009426f73d84c448aeccfe875b98,673ea49679daaa23ad3efc9b25cd5658310e508f30c2b0b03ce7e3796e6bd369,e6620cfd014c0934ce8cd9168d762a9acc24e79c54390f8688a77bd36e30acde,f3ea6d0e324cc5cdbf6c530c2ccc87857a90e6087562cbaefaf9e8c6b0f8fd6b,NO,85,PARA COMPLETAR — NO RADICAR
11,1913000904,ÁNGEL GABRIEL BENAVIDES RODRÍGUEZ,11325586,OCTAVIO BENAVIDES CÁRDENAS — 3086189,ROJO,4144299,2298711,1076631,7519641,3,2,13,3d1a27a2c10a0e509e54de9bc7a3542deaadd56d01b54293bfa4e0dba8791781,e38e141ab63ecf255c2eb18ad7bed5aff4438ad08792d4057e8ea054038c1c44,b71ff8627fd40dec3e2ad4c1888f541d78356069e557ec6aa8d3dcf7d4d700c9,9349125b8a4f83dbc6b569da3bfad8a0fcb0130b47f798b1b0edeb3365cfc410,8a877b17161a103ef0f8fa176480a392a7a94aef47268cf3127bde62e739148d,NO,85,PARA COMPLETAR — NO RADICAR
12,1913000955,JEIMY ANDREA RODRÍGUEZ ACERO,1078347854,GENARO ALONSO RODRÍGUEZ RODRÍGUEZ — 3187760,ROJO,14273680,7360413,902697,22536790,3,2,40,37c5b33d0c11f5c9459f24b225c6975be13b81c151c2e14ece8acbf870f82c07,fdcc14b37e4c60307b549afc680041535692087c82de06c366301221e38500bf,f9d628113c34ae2aa80008450a817d24ed51376114e4c0bf2f9d841d67aef2e6,b97b63c2ab2609fab3b0fc5fabc9ad669bbb0a8ed595e9f7efbb54ab95cf9ef0,c7933de93af1986592460c4b40878161f1e52176036ea8e6aa2270e6ae89f918,NO,85,PARA COMPLETAR — NO RADICAR
13,1914000078,JUAN DAVID CORREA GIRALDO,1020405945,MARÍA YANITH ÁNGEL BUITRAGO — 1076654187,ROJO,6617781,3150182,9505440,19273403,3,4,9,bcf5a415c374f294e94856f771ce32f3a6e6904d62bce6eb98c33d890e1bee11,358e063287179fe3fa73755f8ea0362a459f6c8fe34185cdeacf2069a5a1a2f6,d8ef3b51e12779e48b38b8769241f6bc1d2e3f72c5bafd85e28f7998add79fac,2df1a9a54b391de0c7f8d8c1dc6b7cac9a7048c005dbe18dd24c965c2eb8b40f,d799bc210f6b79d355ec45c1cd084637c792a0cf8a65ebe4fc0e46f716fffec4,NO,85,PARA COMPLETAR — NO RADICAR
14,1914000814,JOSÉ LIBARDO RODRÍGUEZ MONTAÑO,1068953260,EVANGELISTA RODRÍGUEZ RINCÓN — 2983713,ROJO,8655822,2682935,3803568,15142325,3,2,9,850a28f4e10ac433ec5317dd79304794268b1eb74b2ab051ad278a8558aa64bd,62ec2ca25c3cebfa417220173587f1e3fb3bc20e21061ddb4ab5f426f6c6d0f0,7cb6b3bb8cc744b0f43ae6c3925bf7ee2e7e981fb88ad877ab6fd5a4baa8f400,9dcf2544cd9077918176366595e7a966f397ce4179366d893be34f75a3da4dfd,c15e26103fe802a2e4fc4df41ded2abc37a96c855cafc3fd29fefb2a386bb83f,NO,85,PARA COMPLETAR — NO RADICAR
15,1915000810,JUAN DAVID PEÑA CARABALLO,1032506521,CONFIRMAR AUSENCIA,ROJO,997733,20469,18426,1036628,3,4,7,0a6969f4a6508280e8fec0c23b0871fb20e1157795a441c73d38032dcd221b48,f33fa19e58915b43ad3afe68494ddd496d82bab3117a396a8e1a958168bf0888,d415df2b7c115905cadd9bcaa203a9cbe391cb680da1ab3da9e9205926536681,781cffae3189fe6c16f42d7ced2f14b23e61a42f0e100066e90bea4059ba13ab,08eee03de0c642487cf1c19d13ad1f6591dbd5c62a14f87a46f510129533de22,NO,85,PARA COMPLETAR — NO RADICAR
16,1915000914,EDYSON URREGO CRUZ,80157227,MARÍA VICTORIA MARIÑO BEDOYA — 52972794,ROJO,5727835,1621249,1775110,9124194,4,3,11,fd47fec6f97563461d5b72e01680857703602d6bec9b404cd08323c13e532542,2e62aea43bc22e3067c631ec23e8fc34f7f918847af4c0b404cf168f981ad434,209f905289e4fe46f816e527d2264185e20e4267487bfe1d8beeebe83a547eb5,d76e7c770b531338ba1e2f3b78acc99e4d8e6196a8976c9a7d9926c18eb069c5,575008605d1edd2754ebba7a5107eac778760c16a96066f631a97c58de084ecd,NO,85,PARA COMPLETAR — NO RADICAR
17,1915000921,MARÍA FERNANDA RODRÍGUEZ PINZÓN,1019091195,CONFIRMAR AUSENCIA,ROJO,5023587,1260935,1984881,8269403,4,3,8,c8e6e4c5a5e91fc7be2507764209d009c1ad2b9ab9c2fc5bc29586552d34c6d8,dc28512a4c260da5af9c7306d1060f831f89f6bd0f985dd0bc428ae4a617eb41,62bba49fef6b97e307e1dc3d19bd02a5b98a4a30ad69f0fdc17fe87093813703,7fedb9d666092b2e06d05a4a46a3d0c71319cc41b436eb119545103a1064ff88,44bef872c5dbc8a4feb865cf9463d46c4d25bec1ec2400d30d07dadb9dab4d5b,NO,86,PARA COMPLETAR — NO RADICAR
18,2016000364,JOSÉ IGNACIO ORTIZ TOVAR,1127382354,CONFIRMAR AUSENCIA,ROJO,1068924,0,378521,1447445,4,3,8,02ca5d065e09e66d91ee808e323c32cba6ee4a16511e741a6f6bd50bdd8e8be6,2609912ba82ca41e56b800d90d11ee549caf7b9b8bf35009c5b1b64a117a1e94,17460988628a5c8fbefa8fb847d498480bf44b9dd825f69ff8c5f128f2f61ecd,4c113ed52dad6dbfe57cd1d579186ed6e323c8f9497ce4745507fad9c896fba1,807d7e89cbd3a50b1a5885f619c51df9a76209bf7f52d7d065d6f8a06e182dd8,NO,85,PARA COMPLETAR — NO RADICAR
19,2016000382,SONIA STEPHANE BEDOYA LIÉVANO,1121877588,SANDRA PATRICIA ÁLVAREZ M. [COMPLETAR — APELLIDO COMPLETO] — 1090387419,ROJO,3918552,1110213,1485449,6514214,4,2,14,032dbff7f5610bef30f036326abe933776da5d7fde3fdeba1a37bc5b723014bb,d67905ae2bcf89cc01d004a7754cfe9f86ddf2c31b950d4474d79d1b0e1046ca,3b32e97b710bea59c272e03b1e4505e72e38830584d01a0bc6b2f1d3d8ad98a1,9c8fb8e96d2e86cfe9a681eb7611eeb7070da7f90e192b477410f95a3c29afe3,2c531e1ed211d52b700aaa8a2e99922c855881ed624e89aab885f9de4067b577,NO,87,PARA COMPLETAR — NO RADICAR
20,2016000402,BERONICA ANDREA GONZALEZ CORDOBA,1121937363,MILEYNA SERRANO AGUIRRE — 1022408499,ROJO,7527339,2344098,2154598,12026035,4,2,15,ab3a2f92e71500630fbacaae556948b858f999eaf820c6ceb7a658a034b9a3ec,94d7a32523d0ce9f70f47c1028153574690295ce7321e313337b4050557af785,374701842b414d3eb4a24eed3f0c32135c6e817892c42632d17f620a8fde95bb,8900c26e2cc6dfbd80ab2ab03fe8d0a4a05192973097539a7458c619c3daf56e,e9241e4a71da3fa76d9ba9d4780de0805a983623e1bd5f6ab381059ecb3b6bb8,NO,85,PARA COMPLETAR — NO RADICAR
21,2211000086,MARTHA LILIANA ALFONSO WILCHES,1015394579,CONFIRMAR AUSENCIA,ROJO,2772505,550599,944860,4267964,3,2,6,c8bba7f8a7002ecf0e51c70bb9d6a150d3ef1860a92b771e824507127cb5beda,40379f1d277966e4d2e95e1fadcee385c0f813c289dfd783b5b673891169cf77,7fa7ce91eab2ff01739f0993fd2013167caa9cb75a6e1c82a5fa9163aa234619,78711f133ffa1169275872fdbaf002b6fbf9b214ed9479a1c45d8fc3534ac571,b6e87860db7a80e21f2f5d5b064e843b51fe60cf31609357b0e56f33dc1ca0a3,NO,85,PARA COMPLETAR — NO RADICAR
22,2211000173,DIEGO ALEXANDER ROZO FERNANDEZ,1071163544,KAREN EDITH JIMENEZ BEJARANO — 1071171007,ROJO,5798688,1251632,753520,7803840,3,2,18,73a3c431e57dff462ce501565c6431453bffb8abe06d65792e8603ac47b72dc8,4c837fc5044a13510b2eed641898c2202ef4ff4900ebe23422b24cce6c2a9ac8,bfcf2eba57da4887df7eefb83124cbefd33678b635034dfc0c3d935b687e941f,ab5e1421b0577cf337e785538b0e91e25b7cef7bbbf10f8e2534563c02b618ce,afc57bc40fd85db95de3236b0aa7ba26e54e14d6ece16feb7ffb95e2f5a7561c,NO,85,PARA COMPLETAR — NO RADICAR
23,2211000308,ORLANDO PEREZ BAEZ,4252020,CONFIRMAR AUSENCIA,ROJO,10000000,1645434,4138116,15783550,4,2,6,783282067f77e3f821c98c9c37f996883d5d9d8f1e8757541f70f58aabc9d710,baa33294858cfbdaf43e259a6e3d2978a97aa2ff5a4211332463da2a2d46a95c,4d2fd56732420542b2248d9ba06203b2da67d698ae0b1437e85ed559f0eb0c98,e79a6722c88c5fd7806404d94be8badafcff67049027ac669217c963ab072b17,9a71a3a3d615bca3b425843790c2eb0f5b559335bf34d4b203a8602298a4826a,NO,85,PARA COMPLETAR — NO RADICAR
24,2315000024,DANIEL RICARDO CALDERÓN CORREA,1000601898,DIANA LORENA TORRES TORRES — 52778684,ROJO,4717256,1490169,1958089,8165514,3,2,11,8fb0aa275d2e2a90b4359562398c76dffe2fe20578a7e5999c3be310ccdc4f2e,63d6fdb8e7a917195c4ba33733c894b4445464a6933eac29d2872422410630d0,04ed4f81d7c572e6e5ff5543f4729a05d9a006ce1c245c47759df69f390fa42a,4ec2a7434c64f87e76ee21627cf9322f0737c3cd7c171ba5b5e89cc9ddef3745,1528e97f7fcd0d73120728d957908dddb33097c293ecb341906eb8932b4bb093,NO,85,PARA COMPLETAR — NO RADICAR
25,2315000031,NUBIA ELSA CELIS GARCÍA,23496918,CONFIRMAR AUSENCIA,ROJO,6798440,2226101,2818010,11842551,3,2,6,d7e28fc829e1edfc671f5fda0b6c8e023c15a9442124424a99874e6dca0e0f38,c41e2570e880f710cd92c9e161c3fc0a1b44807f9ed302da1a17872183febc92,6df2c2f7c4733bcb4d98a25b2a5adc96d627e5ef235be993f229f7153d44b33b,d3933b5711917c64235af93eb2df6de8a5f41b4a60f887747c548c60a707e1e7,bc6f2b50b050e7ab5aa0b2f69602968f50665295e8d23ae54bbffa193b5d93d6,NO,85,PARA COMPLETAR — NO RADICAR
26,2315000116,DIANA LORENA TORRES TORRES,52778684,HOLMES SÁNCHEZ QUIROGA — 79977583 | DANIEL RICARDO CALDERÓN CORREA — 1000601898,ROJO,6022667,7934754,287040,14244461,3,2,26,30d361bae37158727ca324a157ab8dcbd4316c8ed30ec98a1c92da7eda207a18,cdb2f7e76bdf43051aed8f39cbf1906c4ef41bb97db538b8915f8e0bc949d031,2c74538fa21384369b86cec78bec6b971ef48f3f63d4d08137d4675d6d968ec2,e0841efc7291c9bcc5e52425db34f68b21db16005d228376a3f1a29a7b713a99,0efd3c011e614ea857d339eaaa5ed75d34e93c15e32080333222696ae95bf619,NO,85,PARA COMPLETAR — NO RADICAR
