orden,pagare,tipo,nombre_exacto,ruta_fuente,tamano_bytes,paginas,sha256,estado
1,1911000986,PAGARÉ CORRECTO,PAGARÉ 1911000986.pdf,/code/DEMANDAS/PAGARÉ 1911000986.pdf,1570422,3,e1343ac3410ac6bfda11c7c609c19179c1948205e7966037d045f8e5f6497a86,CONGELADA COMO FUENTE DE CONTROL — NO ACREDITA VIGENCIA POR SÍ SOLA
1,1911000986,EXTRACTO,EXTRACTO 41526686.PDF,/code/wetransfers_20260715/WETRANSFERS/wetransfer_extractos-sandra-duque-activos_2026-07-06_1943/EXTRACTO 41526686.PDF,226709,3,71546930e962d960630b0114711340c4da393d9d8b84c1767f335ac3507b4ba6,CONGELADA COMO FUENTE DE CONTROL — NO ACREDITA VIGENCIA POR SÍ SOLA
1,1911000986,SOPORTE,CC 41526686 PAGARE 1911000986.pdf,/code/wetransfers_20260715/WETRANSFERS/CC 41526686 PAGARE 1911000986.pdf,1966009,7,4cd853c2d4110441d0369cc7c9948fd0a847f3b01b9890df81ade7a7d0d79916,CONGELADA COMO FUENTE DE CONTROL — NO ACREDITA VIGENCIA POR SÍ SOLA
2,1912000810,PAGARÉ CORRECTO,PAGARÉ 1912000810.pdf,/code/DEMANDAS/PAGARÉ 1912000810.pdf,1632811,4,d7d2ee3fc633481de3485bbb17fa9c63876a4572f1b4724246348d821f248522,CONGELADA COMO FUENTE DE CONTROL — NO ACREDITA VIGENCIA POR SÍ SOLA
2,1912000810,EXTRACTO,EXTRACTO 1033755601.PDF,/code/wetransfers_20260715/WETRANSFERS/wetransfer_extractos-sandra-duque-activos_2026-07-06_1943/EXTRACTO 1033755601.PDF,221358,3,cbb559b2b01ca0fc7f679cfc53d16e4ddc3f0e4ee0861f2369002dcf619315ec,CONGELADA COMO FUENTE DE CONTROL — NO ACREDITA VIGENCIA POR SÍ SOLA
2,1912000810,SOPORTE,CC 1033755601 PAGARE 1912000810.pdf,/code/wetransfers_20260715/WETRANSFERS/CC 1033755601 PAGARE 1912000810.pdf,3943685,13,4d68d17f52286bd0d98a9e3c9df0ffd053111f6af6550b1463a29f06e75ea001,CONGELADA COMO FUENTE DE CONTROL — NO ACREDITA VIGENCIA POR SÍ SOLA
3,1912000833,PAGARÉ CORRECTO,PAGARÉ 1912000833.pdf,/code/DEMANDAS/PAGARÉ 1912000833.pdf,1583965,3,d1404c1ee17417294da5a5ef6c844bc10ca2482cfe59050f4b1ebda9b1abc1b8,CONGELADA COMO FUENTE DE CONTROL — NO ACREDITA VIGENCIA POR SÍ SOLA
3,1912000833,EXTRACTO,EXTRACTO 1033789770.PDF,/code/wetransfers_20260715/WETRANSFERS/wetransfer_extractos-sandra-duque-activos_2026-07-06_1943/EXTRACTO 1033789770.PDF,223711,3,3d0ba7cd4310d852b3cabb1ea7c12d4d70e3a95cd7a2fac2b947a35e55801898,CONGELADA COMO FUENTE DE CONTROL — NO ACREDITA VIGENCIA POR SÍ SOLA
3,1912000833,SOPORTE,CC 1033789770 PAGARE 1912000833.pdf,/code/wetransfers_20260715/WETRANSFERS/CC 1033789770 PAGARE 1912000833.pdf,3244778,10,67affae8d1cb956ff6245fc7d87bbf5b9ddeb8a4ae0dededa867ccdbb9617956,CONGELADA COMO FUENTE DE CONTROL — NO ACREDITA VIGENCIA POR SÍ SOLA
4,1912000835,PAGARÉ CORRECTO,PAGARÉ 1912000835.pdf,/code/DEMANDAS/PAGARÉ 1912000835.pdf,1779151,4,2892c8efb882aa96d57d8a55844cf2c8538e724649b11ea9db8244c7c12d758a,CONGELADA COMO FUENTE DE CONTROL — NO ACREDITA VIGENCIA POR SÍ SOLA
4,1912000835,EXTRACTO,EXTRACTO 1061655910.PDF,/code/wetransfers_20260715/WETRANSFERS/wetransfer_extractos-sandra-duque-activos_2026-07-06_1943/EXTRACTO 1061655910.PDF,221331,3,61c95b4830bba2f2a39f6f6c14a8f3ada9736692485dac5e0b7ef941fcebbe5d,CONGELADA COMO FUENTE DE CONTROL — NO ACREDITA VIGENCIA POR SÍ SOLA
4,1912000835,SOPORTE,CC 1061655910 PAGARE 1912000835.pdf,/code/wetransfers_20260715/WETRANSFERS/CC 1061655910 PAGARE 1912000835.pdf,3500802,11,8072f88077cca0b616b176bc6d4db7ed122817cad678b2f79a2ad327657de8a1,CONGELADA COMO FUENTE DE CONTROL — NO ACREDITA VIGENCIA POR SÍ SOLA
5,1912000875,PAGARÉ CORRECTO,PAGARÉ 1912000875.pdf,/code/DEMANDAS/PAGARÉ 1912000875.pdf,1533570,4,845a195051c7fed7a7e4ea4e8b884f876cb6032242ff576f5575635c20337e17,CONGELADA COMO FUENTE DE CONTROL — NO ACREDITA VIGENCIA POR SÍ SOLA
5,1912000875,EXTRACTO,EXTRACTO 51797042.PDF,/code/wetransfers_20260715/WETRANSFERS/wetransfer_extractos-sandra-duque-activos_2026-07-06_1943/EXTRACTO 51797042.PDF,222935,3,f5f27621d265fdda019c17023103bdf500d8efc0e638f048aac44df53bdb96b8,CONGELADA COMO FUENTE DE CONTROL — NO ACREDITA VIGENCIA POR SÍ SOLA
5,1912000875,SOPORTE,CC 51797042 PAGARE 1912000875.pdf,/code/wetransfers_20260715/WETRANSFERS/CC 51797042 PAGARE 1912000875.pdf,3080045,9,202bbfc55a00ebafa43bf3b14cd5e64a3c2e90985595443193e160ffe8c2ebc0,CONGELADA COMO FUENTE DE CONTROL — NO ACREDITA VIGENCIA POR SÍ SOLA
6,1912000942,PAGARÉ CORRECTO,PAGARÉ 1912000942.pdf,/code/DEMANDAS/PAGARÉ 1912000942.pdf,1815077,4,eb0f9b46df8e4e93cbca0e677a7fe5bf5309a7ad95a8f7dbf8def7f33747e2a0,CONGELADA COMO FUENTE DE CONTROL — NO ACREDITA VIGENCIA POR SÍ SOLA
6,1912000942,EXTRACTO,EXTRACTO 1024492842.PDF,/code/wetransfers_20260715/WETRANSFERS/wetransfer_extractos-sandra-duque-activos_2026-07-06_1943/EXTRACTO 1024492842.PDF,155713,2,c9857318de8c691195970039929bda13738d05311c74a13350c8cbd7d655f8e3,CONGELADA COMO FUENTE DE CONTROL — NO ACREDITA VIGENCIA POR SÍ SOLA
6,1912000942,SOPORTE,CC 1024492842 PAGARE 1912000942.pdf,/code/wetransfers_20260715/WETRANSFERS/CC 1024492842 PAGARE 1912000942.pdf,2557256,8,f604a87281d579146307eababb51615827f171d3ccc4f8984abd0e72ad4db682,CONGELADA COMO FUENTE DE CONTROL — NO ACREDITA VIGENCIA POR SÍ SOLA
7,1913000633,PAGARÉ CORRECTO,PAGARÉ 1913000633.pdf,/code/DEMANDAS/PAGARÉ 1913000633.pdf,1560783,3,f4b41d5346b6ad41b303d5bdc5ee7ab25c6af863ffcbc77f5fc8c497c974765f,CONGELADA COMO FUENTE DE CONTROL — NO ACREDITA VIGENCIA POR SÍ SOLA
7,1913000633,EXTRACTO,EXTRACTO 3187760.PDF,/code/wetransfers_20260715/WETRANSFERS/wetransfer_extractos-sandra-duque-activos_2026-07-06_1943/EXTRACTO 3187760.PDF,455021,6,201b35611e5704f1fec2e41ef36e87caf52158a5113387c3c5841169bf537a95,CONGELADA COMO FUENTE DE CONTROL — NO ACREDITA VIGENCIA POR SÍ SOLA
7,1913000633,SOPORTE,CC 3187760 PAGARE 1913000633.pdf,/code/wetransfers_20260715/WETRANSFERS/CC 3187760 PAGARE 1913000633.pdf,9956035,27,a6beb4ea9c01c4a8c6c6c39a9143800c206579dc964db4f3d7c3fd54f72c0d60,CONGELADA COMO FUENTE DE CONTROL — NO ACREDITA VIGENCIA POR SÍ SOLA
8,1913000784,PAGARÉ CORRECTO,PAGARÉ 1913000784.pdf,/code/DEMANDAS/PAGARÉ 1913000784.pdf,1636634,3,8e012429ac88b9705b99798485637ecce43dbbb2dd560390bd4ed9038e4ba79a,CONGELADA COMO FUENTE DE CONTROL — NO ACREDITA VIGENCIA POR SÍ SOLA
8,1913000784,EXTRACTO,EXTRACTO 1071329791.PDF,/code/wetransfers_20260715/WETRANSFERS/wetransfer_extractos-sandra-duque-activos_2026-07-06_1943/EXTRACTO 1071329791.PDF,223821,3,a073e6bf4350c68d1db1700de44213f9b03b9d1fca5f3b5fd78982b7047f957e,CONGELADA COMO FUENTE DE CONTROL — NO ACREDITA VIGENCIA POR SÍ SOLA
8,1913000784,SOPORTE,CC 1071329791 PAGARE 1913000784.pdf,/code/wetransfers_20260715/WETRANSFERS/CC 1071329791 PAGARE 1913000784.pdf,3900559,13,f12c1cd2b53b98802a71d4eacb0539f38a321833d91d4e0da199c449b4604c9e,CONGELADA COMO FUENTE DE CONTROL — NO ACREDITA VIGENCIA POR SÍ SOLA
9,1913000857,PAGARÉ CORRECTO,PAGARÉ 1913000857.pdf,/code/DEMANDAS/PAGARÉ 1913000857.pdf,1722692,3,54d5c983e1ab9ebc10f936810dd95ee1d796fc469e7e1afca04a9d8851e44bb0,CONGELADA COMO FUENTE DE CONTROL — NO ACREDITA VIGENCIA POR SÍ SOLA
9,1913000857,EXTRACTO,EXTRACTO 23702420.PDF,/code/wetransfers_20260715/WETRANSFERS/wetransfer_extractos-sandra-duque-activos_2026-07-06_1943/EXTRACTO 23702420.PDF,158091,2,9d42eb0640991a95b31a2ad6d8ff091e22bfcfc2393faf2bc8eb121475184a12,CONGELADA COMO FUENTE DE CONTROL — NO ACREDITA VIGENCIA POR SÍ SOLA
9,1913000857,SOPORTE,CC 23702420 PAGARE 1913000857.pdf,/code/wetransfers_20260715/WETRANSFERS/CC 23702420 PAGARE 1913000857.pdf,2294266,9,ea0b43d9d417b97d726f95181265a322a8c736945c3accc11720a3d020764ede,CONGELADA COMO FUENTE DE CONTROL — NO ACREDITA VIGENCIA POR SÍ SOLA
10,1913000881,PAGARÉ CORRECTO,PAGARÉ 1913000881.pdf,/code/DEMANDAS/PAGARÉ 1913000881.pdf,1526312,3,c605d55604e78c5361fab5fdec0b49a377b0de9921dcf414da65b001abfd217c,CONGELADA COMO FUENTE DE CONTROL — NO ACREDITA VIGENCIA POR SÍ SOLA
10,1913000881,EXTRACTO,EXTRACTO 20471487.PDF,/code/wetransfers_20260715/WETRANSFERS/wetransfer_extractos-sandra-duque-activos_2026-07-06_1943/EXTRACTO 20471487.PDF,153156,2,2ccf9ec730d7fc1a00702d9212f205f08a07009426f73d84c448aeccfe875b98,CONGELADA COMO FUENTE DE CONTROL — NO ACREDITA VIGENCIA POR SÍ SOLA
10,1913000881,SOPORTE,CC 20471487 PAGARE 1913000881.pdf,/code/wetransfers_20260715/WETRANSFERS/CC 20471487 PAGARE 1913000881.pdf,1904057,6,673ea49679daaa23ad3efc9b25cd5658310e508f30c2b0b03ce7e3796e6bd369,CONGELADA COMO FUENTE DE CONTROL — NO ACREDITA VIGENCIA POR SÍ SOLA
11,1913000904,PAGARÉ CORRECTO,PAGARÉ 1913000904.pdf,/code/DEMANDAS/PAGARÉ 1913000904.pdf,1794804,3,3d1a27a2c10a0e509e54de9bc7a3542deaadd56d01b54293bfa4e0dba8791781,CONGELADA COMO FUENTE DE CONTROL — NO ACREDITA VIGENCIA POR SÍ SOLA
11,1913000904,EXTRACTO,EXTRACTO 11325586.PDF,/code/wetransfers_20260715/WETRANSFERS/wetransfer_extractos-sandra-duque-activos_2026-07-06_1943/EXTRACTO 11325586.PDF,154922,2,e38e141ab63ecf255c2eb18ad7bed5aff4438ad08792d4057e8ea054038c1c44,CONGELADA COMO FUENTE DE CONTROL — NO ACREDITA VIGENCIA POR SÍ SOLA
11,1913000904,SOPORTE,CC 11325586 PAGARE 1913000904.pdf,/code/wetransfers_20260715/WETRANSFERS/CC 11325586 PAGARE 1913000904.pdf,4301937,13,b71ff8627fd40dec3e2ad4c1888f541d78356069e557ec6aa8d3dcf7d4d700c9,CONGELADA COMO FUENTE DE CONTROL — NO ACREDITA VIGENCIA POR SÍ SOLA
12,1913000955,PAGARÉ CORRECTO,PAGARÉ 1913000955.pdf,/code/DEMANDAS/PAGARÉ 1913000955.pdf,1715618,3,37c5b33d0c11f5c9459f24b225c6975be13b81c151c2e14ece8acbf870f82c07,CONGELADA COMO FUENTE DE CONTROL — NO ACREDITA VIGENCIA POR SÍ SOLA
12,1913000955,EXTRACTO,EXTRACTO 1078347854.PDF,/code/wetransfers_20260715/WETRANSFERS/wetransfer_extractos-sandra-duque-activos_2026-07-06_1943/EXTRACTO 1078347854.PDF,146708,2,fdcc14b37e4c60307b549afc680041535692087c82de06c366301221e38500bf,CONGELADA COMO FUENTE DE CONTROL — NO ACREDITA VIGENCIA POR SÍ SOLA
12,1913000955,SOPORTE,CC 1078347854 PAGARE 1913000955.pdf,/code/wetransfers_20260715/WETRANSFERS/CC 1078347854 PAGARE 1913000955.pdf,14253107,40,f9d628113c34ae2aa80008450a817d24ed51376114e4c0bf2f9d841d67aef2e6,CONGELADA COMO FUENTE DE CONTROL — NO ACREDITA VIGENCIA POR SÍ SOLA
13,1914000078,PAGARÉ CORRECTO,PAGARÉ 1914000078.pdf,/code/DEMANDAS/PAGARÉ 1914000078.pdf,1766198,3,bcf5a415c374f294e94856f771ce32f3a6e6904d62bce6eb98c33d890e1bee11,CONGELADA COMO FUENTE DE CONTROL — NO ACREDITA VIGENCIA POR SÍ SOLA
13,1914000078,EXTRACTO,EXTRACTO 1020405945.PDF,/code/wetransfers_20260715/WETRANSFERS/wetransfer_extractos-sandra-duque-activos_2026-07-06_1943/EXTRACTO 1020405945.PDF,298362,4,358e063287179fe3fa73755f8ea0362a459f6c8fe34185cdeacf2069a5a1a2f6,CONGELADA COMO FUENTE DE CONTROL — NO ACREDITA VIGENCIA POR SÍ SOLA
13,1914000078,SOPORTE,CC 1020405945 PAGARE 1914000078.pdf,/code/wetransfers_20260715/WETRANSFERS/CC 1020405945 PAGARE 1914000078.pdf,2816113,9,d8ef3b51e12779e48b38b8769241f6bc1d2e3f72c5bafd85e28f7998add79fac,CONGELADA COMO FUENTE DE CONTROL — NO ACREDITA VIGENCIA POR SÍ SOLA
14,1914000814,PAGARÉ CORRECTO,PAGARÉ 1914000814.pdf,/code/DEMANDAS/PAGARÉ 1914000814.pdf,1611925,3,850a28f4e10ac433ec5317dd79304794268b1eb74b2ab051ad278a8558aa64bd,CONGELADA COMO FUENTE DE CONTROL — NO ACREDITA VIGENCIA POR SÍ SOLA
14,1914000814,EXTRACTO,EXTRACTO 1068953260.PDF,/code/wetransfers_20260715/WETRANSFERS/wetransfer_extractos-sandra-duque-activos_2026-07-06_1943/EXTRACTO 1068953260.PDF,153037,2,62ec2ca25c3cebfa417220173587f1e3fb3bc20e21061ddb4ab5f426f6c6d0f0,CONGELADA COMO FUENTE DE CONTROL — NO ACREDITA VIGENCIA POR SÍ SOLA
14,1914000814,SOPORTE,CC 1068953260 PAGARE 1914000814.pdf,/code/wetransfers_20260715/WETRANSFERS/CC 1068953260 PAGARE 1914000814.pdf,3238391,9,7cb6b3bb8cc744b0f43ae6c3925bf7ee2e7e981fb88ad877ab6fd5a4baa8f400,CONGELADA COMO FUENTE DE CONTROL — NO ACREDITA VIGENCIA POR SÍ SOLA
15,1915000810,PAGARÉ CORRECTO,PAGARÉ 1915000810.pdf,/code/DEMANDAS/PAGARÉ 1915000810.pdf,1657008,3,0a6969f4a6508280e8fec0c23b0871fb20e1157795a441c73d38032dcd221b48,CONGELADA COMO FUENTE DE CONTROL — NO ACREDITA VIGENCIA POR SÍ SOLA
15,1915000810,EXTRACTO,EXTRACTO 1032506521.PDF,/code/wetransfers_20260715/WETRANSFERS/wetransfer_extractos-sandra-duque-activos_2026-07-06_1943/EXTRACTO 1032506521.PDF,294248,4,f33fa19e58915b43ad3afe68494ddd496d82bab3117a396a8e1a958168bf0888,CONGELADA COMO FUENTE DE CONTROL — NO ACREDITA VIGENCIA POR SÍ SOLA
15,1915000810,SOPORTE,CC 1032506521 PAGARE 1915000810.pdf,/code/wetransfers_20260715/WETRANSFERS/CC 1032506521 PAGARE 1915000810.pdf,2513191,7,d415df2b7c115905cadd9bcaa203a9cbe391cb680da1ab3da9e9205926536681,CONGELADA COMO FUENTE DE CONTROL — NO ACREDITA VIGENCIA POR SÍ SOLA
16,1915000914,PAGARÉ CORRECTO,PAGARÉ 1915000914.pdf,/code/DEMANDAS/PAGARÉ 1915000914.pdf,1582178,4,fd47fec6f97563461d5b72e01680857703602d6bec9b404cd08323c13e532542,CONGELADA COMO FUENTE DE CONTROL — NO ACREDITA VIGENCIA POR SÍ SOLA
16,1915000914,EXTRACTO,EXTRACTO 80157227.PDF,/code/wetransfers_20260715/WETRANSFERS/wetransfer_extractos-sandra-duque-activos_2026-07-06_1943/EXTRACTO 80157227.PDF,223003,3,2e62aea43bc22e3067c631ec23e8fc34f7f918847af4c0b404cf168f981ad434,CONGELADA COMO FUENTE DE CONTROL — NO ACREDITA VIGENCIA POR SÍ SOLA
16,1915000914,SOPORTE,CC 80157227 PAGARE 1915000914.pdf,/code/wetransfers_20260715/WETRANSFERS/CC 80157227 PAGARE 1915000914.pdf,3145632,11,209f905289e4fe46f816e527d2264185e20e4267487bfe1d8beeebe83a547eb5,CONGELADA COMO FUENTE DE CONTROL — NO ACREDITA VIGENCIA POR SÍ SOLA
17,1915000921,PAGARÉ CORRECTO,PAGARÉ 1915000921.pdf,/code/DEMANDAS/PAGARÉ 1915000921.pdf,1675584,4,c8e6e4c5a5e91fc7be2507764209d009c1ad2b9ab9c2fc5bc29586552d34c6d8,CONGELADA COMO FUENTE DE CONTROL — NO ACREDITA VIGENCIA POR SÍ SOLA
17,1915000921,EXTRACTO,EXTRACTO 1019091195.PDF,/code/wetransfers_20260715/WETRANSFERS/wetransfer_extractos-sandra-duque-activos_2026-07-06_1943/EXTRACTO 1019091195.PDF,219860,3,dc28512a4c260da5af9c7306d1060f831f89f6bd0f985dd0bc428ae4a617eb41,CONGELADA COMO FUENTE DE CONTROL — NO ACREDITA VIGENCIA POR SÍ SOLA
17,1915000921,SOPORTE,CC 1019091195 PAGARE 1915000921.pdf,/code/wetransfers_20260715/WETRANSFERS/CC 1019091195 PAGARE 1915000921.pdf,2069634,8,62bba49fef6b97e307e1dc3d19bd02a5b98a4a30ad69f0fdc17fe87093813703,CONGELADA COMO FUENTE DE CONTROL — NO ACREDITA VIGENCIA POR SÍ SOLA
18,2016000364,PAGARÉ CORRECTO,PAGARÉ 2016000364.pdf,/code/DEMANDAS/PAGARÉ 2016000364.pdf,1666156,4,02ca5d065e09e66d91ee808e323c32cba6ee4a16511e741a6f6bd50bdd8e8be6,CONGELADA COMO FUENTE DE CONTROL — NO ACREDITA VIGENCIA POR SÍ SOLA
18,2016000364,EXTRACTO,EXTRACTO 1127382354.PDF,/code/wetransfers_20260715/WETRANSFERS/wetransfer_extractos-sandra-duque-activos_2026-07-06_1943/EXTRACTO 1127382354.PDF,218360,3,2609912ba82ca41e56b800d90d11ee549caf7b9b8bf35009c5b1b64a117a1e94,CONGELADA COMO FUENTE DE CONTROL — NO ACREDITA VIGENCIA POR SÍ SOLA
18,2016000364,SOPORTE,CC 1127382354 PAGARE 2016000364.pdf,/code/wetransfers_20260715/WETRANSFERS/CC 1127382354 PAGARE 2016000364.pdf,2116770,8,17460988628a5c8fbefa8fb847d498480bf44b9dd825f69ff8c5f128f2f61ecd,CONGELADA COMO FUENTE DE CONTROL — NO ACREDITA VIGENCIA POR SÍ SOLA
19,2016000382,PAGARÉ CORRECTO,PAGARÉ 2016000382.pdf,/code/DEMANDAS/PAGARÉ 2016000382.pdf,1664958,4,032dbff7f5610bef30f036326abe933776da5d7fde3fdeba1a37bc5b723014bb,CONGELADA COMO FUENTE DE CONTROL — NO ACREDITA VIGENCIA POR SÍ SOLA
19,2016000382,EXTRACTO,EXTRACTO 1121877588.PDF,/code/wetransfers_20260715/WETRANSFERS/wetransfer_extractos-sandra-duque-activos_2026-07-06_1943/EXTRACTO 1121877588.PDF,159630,2,d67905ae2bcf89cc01d004a7754cfe9f86ddf2c31b950d4474d79d1b0e1046ca,CONGELADA COMO FUENTE DE CONTROL — NO ACREDITA VIGENCIA POR SÍ SOLA
19,2016000382,SOPORTE,CC 1121877588 PAGARE 2016000382.pdf,/code/wetransfers_20260715/WETRANSFERS/CC 1121877588 PAGARE 2016000382.pdf,4208207,14,3b32e97b710bea59c272e03b1e4505e72e38830584d01a0bc6b2f1d3d8ad98a1,CONGELADA COMO FUENTE DE CONTROL — NO ACREDITA VIGENCIA POR SÍ SOLA
20,2016000402,PAGARÉ CORRECTO,PAGARÉ 2016000402.pdf,/code/DEMANDAS/PAGARÉ 2016000402.pdf,1742510,4,ab3a2f92e71500630fbacaae556948b858f999eaf820c6ceb7a658a034b9a3ec,CONGELADA COMO FUENTE DE CONTROL — NO ACREDITA VIGENCIA POR SÍ SOLA
20,2016000402,EXTRACTO,EXTRACTO 1121937363.PDF,/code/wetransfers_20260715/WETRANSFERS/wetransfer_extractos-sandra-duque-activos_2026-07-06_1943/EXTRACTO 1121937363.PDF,150608,2,94d7a32523d0ce9f70f47c1028153574690295ce7321e313337b4050557af785,CONGELADA COMO FUENTE DE CONTROL — NO ACREDITA VIGENCIA POR SÍ SOLA
20,2016000402,SOPORTE,CC 1121937363 PAGARE 2016000402.pdf,/code/wetransfers_20260715/WETRANSFERS/CC 1121937363 PAGARE 2016000402.pdf,4125379,15,374701842b414d3eb4a24eed3f0c32135c6e817892c42632d17f620a8fde95bb,CONGELADA COMO FUENTE DE CONTROL — NO ACREDITA VIGENCIA POR SÍ SOLA
21,2211000086,PAGARÉ CORRECTO,PAGARÉ 2211000086.pdf,/code/DEMANDAS/PAGARÉ 2211000086.pdf,1752595,3,c8bba7f8a7002ecf0e51c70bb9d6a150d3ef1860a92b771e824507127cb5beda,CONGELADA COMO FUENTE DE CONTROL — NO ACREDITA VIGENCIA POR SÍ SOLA
21,2211000086,EXTRACTO,EXTRACTO 1015394579.PDF,/code/wetransfers_20260715/WETRANSFERS/wetransfer_extractos-sandra-duque-activos_2026-07-06_1943/EXTRACTO 1015394579.PDF,159941,2,40379f1d277966e4d2e95e1fadcee385c0f813c289dfd783b5b673891169cf77,CONGELADA COMO FUENTE DE CONTROL — NO ACREDITA VIGENCIA POR SÍ SOLA
21,2211000086,SOPORTE,CC 1015394579 PAGARE 2211000086.pdf,/code/wetransfers_20260715/WETRANSFERS/CC 1015394579 PAGARE 2211000086.pdf,1798005,6,7fa7ce91eab2ff01739f0993fd2013167caa9cb75a6e1c82a5fa9163aa234619,CONGELADA COMO FUENTE DE CONTROL — NO ACREDITA VIGENCIA POR SÍ SOLA
22,2211000173,PAGARÉ CORRECTO,PAGARÉ 2211000173.pdf,/code/DEMANDAS/PAGARÉ 2211000173.pdf,1588710,3,73a3c431e57dff462ce501565c6431453bffb8abe06d65792e8603ac47b72dc8,CONGELADA COMO FUENTE DE CONTROL — NO ACREDITA VIGENCIA POR SÍ SOLA
22,2211000173,EXTRACTO,EXTRACTO 1071163544.PDF,/code/wetransfers_20260715/WETRANSFERS/wetransfer_extractos-sandra-duque-activos_2026-07-06_1943/EXTRACTO 1071163544.PDF,153821,2,4c837fc5044a13510b2eed641898c2202ef4ff4900ebe23422b24cce6c2a9ac8,CONGELADA COMO FUENTE DE CONTROL — NO ACREDITA VIGENCIA POR SÍ SOLA
22,2211000173,SOPORTE,CC 1071163544 PAGARE 2211000173.pdf,/code/wetransfers_20260715/WETRANSFERS/CC 1071163544 PAGARE 2211000173.pdf,4537917,18,bfcf2eba57da4887df7eefb83124cbefd33678b635034dfc0c3d935b687e941f,CONGELADA COMO FUENTE DE CONTROL — NO ACREDITA VIGENCIA POR SÍ SOLA
23,2211000308,PAGARÉ CORRECTO,PAGARÉ 2211000308.pdf,/code/DEMANDAS/PAGARÉ 2211000308.pdf,1830582,4,783282067f77e3f821c98c9c37f996883d5d9d8f1e8757541f70f58aabc9d710,CONGELADA COMO FUENTE DE CONTROL — NO ACREDITA VIGENCIA POR SÍ SOLA
23,2211000308,EXTRACTO,EXTRACTO 4252020.PDF,/code/wetransfers_20260715/WETRANSFERS/wetransfer_extractos-sandra-duque-activos_2026-07-06_1943/EXTRACTO 4252020.PDF,144246,2,baa33294858cfbdaf43e259a6e3d2978a97aa2ff5a4211332463da2a2d46a95c,CONGELADA COMO FUENTE DE CONTROL — NO ACREDITA VIGENCIA POR SÍ SOLA
23,2211000308,SOPORTE,CC 4252020 PAGARE 2211000308.pdf,/code/wetransfers_20260715/WETRANSFERS/CC 4252020 PAGARE 2211000308.pdf,2664200,6,4d2fd56732420542b2248d9ba06203b2da67d698ae0b1437e85ed559f0eb0c98,CONGELADA COMO FUENTE DE CONTROL — NO ACREDITA VIGENCIA POR SÍ SOLA
24,2315000024,PAGARÉ CORRECTO,PAGARÉ 2315000024.pdf,/code/DEMANDAS/PAGARÉ 2315000024.pdf,1736151,3,8fb0aa275d2e2a90b4359562398c76dffe2fe20578a7e5999c3be310ccdc4f2e,CONGELADA COMO FUENTE DE CONTROL — NO ACREDITA VIGENCIA POR SÍ SOLA
24,2315000024,EXTRACTO,EXTRACTO 1000601898.PDF,/code/wetransfers_20260715/WETRANSFERS/wetransfer_extractos-sandra-duque-activos_2026-07-06_1943/EXTRACTO 1000601898.PDF,156688,2,63d6fdb8e7a917195c4ba33733c894b4445464a6933eac29d2872422410630d0,CONGELADA COMO FUENTE DE CONTROL — NO ACREDITA VIGENCIA POR SÍ SOLA
24,2315000024,SOPORTE,CC 1000601898 PAGARE 2315000024.pdf,/code/wetransfers_20260715/WETRANSFERS/CC 1000601898 PAGARE 2315000024.pdf,5144715,11,04ed4f81d7c572e6e5ff5543f4729a05d9a006ce1c245c47759df69f390fa42a,CONGELADA COMO FUENTE DE CONTROL — NO ACREDITA VIGENCIA POR SÍ SOLA
25,2315000031,PAGARÉ CORRECTO,PAGARÉ 2315000031.pdf,/code/DEMANDAS/PAGARÉ 2315000031.pdf,1758610,3,d7e28fc829e1edfc671f5fda0b6c8e023c15a9442124424a99874e6dca0e0f38,CONGELADA COMO FUENTE DE CONTROL — NO ACREDITA VIGENCIA POR SÍ SOLA
25,2315000031,EXTRACTO,EXTRACTO 23496918.PDF,/code/wetransfers_20260715/WETRANSFERS/wetransfer_extractos-sandra-duque-activos_2026-07-06_1943/EXTRACTO 23496918.PDF,153983,2,c41e2570e880f710cd92c9e161c3fc0a1b44807f9ed302da1a17872183febc92,CONGELADA COMO FUENTE DE CONTROL — NO ACREDITA VIGENCIA POR SÍ SOLA
25,2315000031,SOPORTE,CC 23496918 PAGARE 2315000031.pdf,/code/wetransfers_20260715/WETRANSFERS/CC 23496918 PAGARE 2315000031.pdf,2631245,6,6df2c2f7c4733bcb4d98a25b2a5adc96d627e5ef235be993f229f7153d44b33b,CONGELADA COMO FUENTE DE CONTROL — NO ACREDITA VIGENCIA POR SÍ SOLA
26,2315000116,PAGARÉ CORRECTO,PAGARÉ 2315000116.pdf,/code/DEMANDAS/PAGARÉ 2315000116.pdf,1874469,3,30d361bae37158727ca324a157ab8dcbd4316c8ed30ec98a1c92da7eda207a18,CONGELADA COMO FUENTE DE CONTROL — NO ACREDITA VIGENCIA POR SÍ SOLA
26,2315000116,EXTRACTO,EXTRACTO 52778684.PDF,/code/wetransfers_20260715/WETRANSFERS/wetransfer_extractos-sandra-duque-activos_2026-07-06_1943/EXTRACTO 52778684.PDF,148536,2,cdb2f7e76bdf43051aed8f39cbf1906c4ef41bb97db538b8915f8e0bc949d031,CONGELADA COMO FUENTE DE CONTROL — NO ACREDITA VIGENCIA POR SÍ SOLA
26,2315000116,SOPORTE,CC 52778684 PAGARE 2315000116.pdf,/code/wetransfers_20260715/WETRANSFERS/CC 52778684 PAGARE 2315000116.pdf,8237640,26,2c74538fa21384369b86cec78bec6b971ef48f3f63d4d08137d4675d6d968ec2,CONGELADA COMO FUENTE DE CONTROL — NO ACREDITA VIGENCIA POR SÍ SOLA
